ROSTER ,,,,,
ROSTER // EDIT,,,,,
JAMIL SHAUKAT,PROJECT NAME ,LOOP DOWNLOAD LINK,EMBED CODE ,CREDITS,
EDITOR,Ruroc - Berserker,https://www.dropbox.com/scl/fi/cbsx3bfobiet4cqry2f9i/Ruroc-Berserker.mp4?rlkey=6amx824imlvh2oed2zr32uv0n&st=o4345d8b&dl=0,"<div style=""width:100%;height:0;position: relative;padding-bottom:75.00000%;margin-bottom:10px;""><iframe src=""https://apollo.gosimian.com/share/v/7w52-uK-KwO2eWCfwCEDjQ/false/auto/auto/ffffff/000000/"" name=""SimianEmbed"" scrolling=""no"" style=""position: absolute;top: 0;","PRODUCTION:
Director: KC Locke
Executive Producer: KC Locke
Producer: Lewis Nicholson
Production Company: Swords & Eagles

APOLLO:
Editor: Jamil Shaukat",
,Look Fantastic,https://www.dropbox.com/scl/fi/xohaoe3pu2kyjrwhjsq87/Look-Fantastic.mp4?rlkey=0bgtwiegcqsfk3iyp0pvauezs&st=apy7870s&dl=0,"<div style=""width:100%;height:0;position: relative;padding-bottom:56.25000%;margin-bottom:10px;""><iframe src=""https://apollo.gosimian.com/share/v/-q-nJk-MzyUmkAPIljAdAw/false/auto/auto/ffffff/000000/"" name=""SimianEmbed"" scrolling=""no"" style=""position: absolute;top: 0;        left: 0; width: 100%; height: 100%;padding:0 !important;margin:0 !important;background:#000000"" frameborder=""0"" allowFullScreen webkitAllowFullScreen></iframe></div>","Post House: Ride The Lightning
Post Producer: Polly Ward 
Director: Paddy McGowan
DP: Miguel Cármenes

Editor: Jamil Shaukat",
,Drama Call - Heaviest in the Game,https://www.dropbox.com/scl/fi/w1hlytu2xmpjbry4835rv/Drama-Call-Heaviest-in-the-Game.mp4?rlkey=qi630pv4urfwuvkwy6rdhd3fm&st=we2j6a26&dl=0,"<div style=""width:100%;height:0;position: relative;padding-bottom:56.25000%;margin-bottom:10px;""><iframe src=""https://apollo.gosimian.com/share/v/Z_N4ZKx8zseoxuWWEO5J9A/false/auto/auto/ffffff/000000/"" name=""SimianEmbed"" scrolling=""no"" style=""position: absolute;top: 0;        left: 0; width: 100%; height: 100%;padding:0 !important;margin:0 !important;background:#000000"" frameborder=""0"" allowFullScreen webkitAllowFullScreen></iframe></div>","Director: Rory A Wood
Production Company: Ant farm film services
DP: James Killeen

Editor: Jamil Shaukat",
,CP Company x Manchester City,https://www.dropbox.com/scl/fi/1m1hbkuzryzd2ft9hgg5o/CP-Company-x-Manchester-City.mp4?rlkey=q5lvyi0137idjhfcas9j2abzx&st=k0p5h4tg&dl=0,"<div style=""width:100%;height:0;position: relative;padding-bottom:60.88207%;margin-bottom:10px;""><iframe src=""https://apollo.gosimian.com/share/v/OoYHiz7arVaXh-_3xR3o7g/false/auto/auto/ffffff/000000/"" name=""SimianEmbed"" scrolling=""no"" style=""position: absolute;top: 0;        left: 0; width: 100%; height: 100%;padding:0 !important;margin:0 !important;background:#000000"" frameborder=""0"" allowFullScreen webkitAllowFullScreen></iframe></div>","Director: Rory A Wood
Producer: Fin Mulligan Wild
Agency: LAW Magazine 
Production Company: Antfarm 

Editor: Jamil Shaukat",
,Boohoo Man - World Cup,https://www.dropbox.com/scl/fi/1vwr1kzc2fgqa8am38oam/Boohoo-Man-World-Cup.mp4?rlkey=aor7cy1btasc6fmztugpny8qx&st=v0cdv8g9&dl=0,"<div style=""width:100%;height:0;position: relative;padding-bottom:56.25000%;margin-bottom:10px;""><iframe src=""https://apollo.gosimian.com/share/v/4QqEVVuhldXN_i8Bnr1ZYw/false/auto/auto/ffffff/000000/"" name=""SimianEmbed"" scrolling=""no"" style=""position: absolute;top: 0;        left: 0; width: 100%; height: 100%;padding:0 !important;margin:0 !important;background:#000000"" frameborder=""0"" allowFullScreen webkitAllowFullScreen></iframe></div>","Director: KC Locke 
Producer: Lewis Nicholson 
Production Company: Swords & Eagles
DP: Rowan Biddiscombe

Editor: Jamil Shaukat",
,Meekz - Mini Me's ,https://www.dropbox.com/scl/fi/izfs70s5gn2qy60maieml/Meekz-Mini-Me-s.mp4?rlkey=ml852te7n18q9qucelk20re6k&st=c2pkzxkh&dl=0,"<div style=""width:100%;height:0;position: relative;padding-bottom:56.25000%;margin-bottom:10px;""><iframe src=""https://apollo.gosimian.com/share/v/rfxS53q1G8VO6asIkOW-mg/false/auto/auto/ffffff/000000/"" name=""SimianEmbed"" scrolling=""no"" style=""position: absolute;top: 0;        left: 0; width: 100%; height: 100%;padding:0 !important;margin:0 !important;background:#000000"" frameborder=""0"" allowFullScreen webkitAllowFullScreen></iframe></div>","Director: KC Locke 
Producer: Fin Mulligan Wild
Production Company: swordsandeagles
Executive Producers: KC Locke & Jenny O’Sullivan
DP: James Killeen

Editor: Jamil Shaukat",
,"Ed Sheeran - Take Me Back To London feat. Stormzy, Jaykae & Aitch",https://www.dropbox.com/scl/fi/vsam729p2nny08hft2jn8/Ed-Sheeran-Take-Me-Back-To-London-feat.-Stormzy-Jaykae-Aitch.mp4?rlkey=24wlvises3tcrufwxq1vo7j4o&st=5bhsdh2t&dl=0,"<div style=""width:100%;height:0;position: relative;padding-bottom:56.25000%;margin-bottom:10px;""><iframe src=""https://apollo.gosimian.com/share/v/7FWkr5CFwzqaqdHiwrvlww/false/auto/auto/ffffff/000000/"" name=""SimianEmbed"" scrolling=""no"" style=""position: absolute;top: 0;        left: 0; width: 100%; height: 100%;padding:0 !important;margin:0 !important;background:#000000"" frameborder=""0"" allowFullScreen webkitAllowFullScreen></iframe></div>","Director: KC Locke 
EP: Gwil Doe
Producer: samona O Manoela Chiabai Gwil Doe
DP: Sam Meyer

Editor: JAMIL SHAUKAT",
,Aitch - Learning Curve,https://www.dropbox.com/scl/fi/jaxbm5q2lyx9ai6qwo9vf/Aitch-Learning-Curve.mp4?rlkey=2tzua6kegqw4i2e7scgwm0rke&st=781urz47&dl=0,"<div style=""width:100%;height:0;position: relative;padding-bottom:56.25000%;margin-bottom:10px;""><iframe src=""https://apollo.gosimian.com/share/v/qhF_Zr-_wpZEXebRRPM4YA/false/auto/auto/ffffff/000000/"" name=""SimianEmbed"" scrolling=""no"" style=""position: absolute;top: 0;        left: 0; width: 100%; height: 100%;padding:0 !important;margin:0 !important;background:#000000"" frameborder=""0"" allowFullScreen webkitAllowFullScreen></iframe></div>","Director: KC LOCKE 
Production Company: Swords & Eagles 
Exec Producer/Directors: Rep Marisa Garner
DOP: Pieter Synman

Editor: Jamil Shaukat
",
,M Huncho & Headie One - Warzone,https://www.dropbox.com/scl/fi/1n93evcbdsmig0c3opp6k/M-Huncho-Headie-One-Warzone.mp4?rlkey=mni4lnsrfgd4nszow2517prmy&st=hw967nfh&dl=0,"<div style=""width:100%;height:0;position: relative;padding-bottom:56.25000%;margin-bottom:10px;""><iframe src=""https://apollo.gosimian.com/share/v/L3HZIYNTMRPdQazo9r5jIQ/false/auto/auto/ffffff/000000/"" name=""SimianEmbed"" scrolling=""no"" style=""position: absolute;top: 0;	left: 0; width: 100%; height: 100%;padding:0 !important;margin:0 !important;background:#000000"" frameborder=""0"" allowFullScreen webkitAllowFullScreen></iframe></div>","Director: KC Locke
Producer: Lewis Nicholson
Production Company: Swords & Eagles 
DOP: Matthew Emvin Taylor

Editor: Jamil Shaukat
",
,David Guetta x BEBE,https://www.dropbox.com/scl/fi/r3dbpvbpp1mkk79xlnhp9/David-Guetta-x-BEBE.mp4?rlkey=60g7w0erdokdi8pj6121m5eg4&st=xeiuofhy&dl=0,"<div style=""width:100%;height:0;position: relative;padding-bottom:56.25000%;margin-bottom:10px;""><iframe src=""https://apollo.gosimian.com/share/v/e_xK1H4Fp-Y8rhQhkSCckA/false/auto/auto/ffffff/000000/"" name=""SimianEmbed"" scrolling=""no"" style=""position: absolute;top: 0;        left: 0; width: 100%; height: 100%;padding:0 !important;margin:0 !important;background:#000000"" frameborder=""0"" allowFullScreen webkitAllowFullScreen></iframe></div>","Director: KC Locke
Production Company: Swords & Eagles
DOP: Beatriz Sastre

Editor: Jamil Shaukat",
LIAM TANGUM,,,,,
EDITOR,,https://www.dropbox.com/scl/fi/227q7vfwmp8qfiapevk6s/Oakely-Kylian-Mbappe.mp4?rlkey=9xcj1prn3kyyjpiscok0euij8&st=s7478vvn&dl=0,"<div style=""width:100%;height:0;position: relative;padding-bottom:56.25000%;margin-bottom:10px;""><iframe src=""https://apollo.gosimian.com/share/v/l4iJTcmvUc9kqSQ3mcktIA/false/auto/auto/ffffff/000000/"" name=""SimianEmbed"" scrolling=""no"" style=""position: absolute;top: 0;        left: 0; width: 100%; height: 100%;padding:0 !important;margin:0 !important;background:#000000"" frameborder=""0"" allowFullScreen webkitAllowFullScreen></iframe></div>","Creative and Production : Stept Studios
Producer: Alexa Hinson
Director: Joaquim Bayle
DP: Angelo Marques

Editor: LIAM TANGUM",
,RFM Jeans,https://www.dropbox.com/scl/fi/35ly0pg378qru4o76auzq/RFM-Jeans.mp4?rlkey=j3p6fqw097de518qssrpowx0z&st=cal03zd7&dl=0,"<div style=""width:100%;height:0;position: relative;padding-bottom:56.25000%;margin-bottom:10px;""><iframe src=""https://apollo.gosimian.com/share/v/dV859sXWTPiERH5CF6iyTQ/false/auto/auto/ffffff/000000/"" name=""SimianEmbed"" scrolling=""no"" style=""position: absolute;top: 0;        left: 0; width: 100%; height: 100%;padding:0 !important;margin:0 !important;background:#000000"" frameborder=""0"" allowFullScreen webkitAllowFullScreen></iframe></div>","Director: SOFIA CRISTINA ALVAREZ
Producer: MARLYN RODRIGUEZ

Editor: LIAM TANGUM",
,Brooks - Sounds of Trail Running,https://www.dropbox.com/scl/fi/svot9xb8q2bqk07jqenta/Brooks-Sounds-of-Trail-Running.mp4?rlkey=xlteqim81mdzfdk6ng7p8zwvt&st=2e8xkbat&dl=0,"<div style=""width:100%;height:0;position: relative;padding-bottom:75.00000%;margin-bottom:10px;""><iframe src=""https://apollo.gosimian.com/share/v/2RyALL3vM1bbYlXn6hEOjQ/false/auto/auto/ffffff/000000/"" name=""SimianEmbed"" scrolling=""no"" style=""position: absolute;top: 0;        left: 0; width: 100%; height: 100%;padding:0 !important;margin:0 !important;background:#000000"" frameborder=""0"" allowFullScreen webkitAllowFullScreen></iframe></div>","Production: Stept Studios
DP: Nash Howe Head of Post: Connor Scofield

Editor: Liam Tangum",
,Bevel - Kyle Pitts,https://www.dropbox.com/scl/fi/dtqiddnwpspirh5u3ihco/Bevel-Kyle-Pitts.mp4?rlkey=vqz1f7ud2lowy8iswuszplldd&st=ho2hf4d7&dl=0,"<div style=""width:100%;height:0;position: relative;padding-bottom:56.25000%;margin-bottom:10px;""><iframe src=""https://apollo.gosimian.com/share/v/0oRqHg7RMp9cRtecFGac4g/false/auto/auto/ffffff/000000/"" name=""SimianEmbed"" scrolling=""no"" style=""position: absolute;top: 0;        left: 0; width: 100%; height: 100%;padding:0 !important;margin:0 !important;background:#000000"" frameborder=""0"" allowFullScreen webkitAllowFullScreen></iframe></div>","Director / DP: FRANKLIN RICART
Produced by: The Kitchen Table

Head of Post: Alex Peterson 
Post Supervisor: Nasser Boulaich
Editor: Liam Tangum
Colorist: Brian Charles",
,Nowness - Short Documentary,https://www.dropbox.com/scl/fi/xnmy4duvsn3bxfvsfs5n4/Nowness-Short-Documentary.mp4?rlkey=vwq810sz70cnzhsm1govfvrhg&st=umqspu8w&dl=0,"<div style=""width:100%;height:0;position: relative;padding-bottom:41.77083%;margin-bottom:10px;""><iframe src=""https://apollo.gosimian.com/share/v/QnNDO5jJPiweNaYkDbVNkQ/false/auto/auto/ffffff/000000/"" name=""SimianEmbed"" scrolling=""no"" style=""position: absolute;top: 0;        left: 0; width: 100%; height: 100%;padding:0 !important;margin:0 !important;background:#000000"" frameborder=""0"" allowFullScreen webkitAllowFullScreen></iframe></div>","Director: Leo Pfeifer
Production Company: Alto Visuals

Editor: Liam Tangum",
,A Slice of Paradise - Short Film,https://www.dropbox.com/scl/fi/8cg0xcy1uq1e7obq8pxyb/A-Slice-of-Paradise-Short-Film.mp4?rlkey=1u4j8pt42fnhxi5kh5jnzbqq2&st=62drdmdm&dl=0,"<div style=""width:100%;height:0;position: relative;padding-bottom:56.25000%;margin-bottom:10px;""><iframe src=""https://apollo.gosimian.com/share/v/CmHy4CgsSoqo5K58skbxDw/false/auto/auto/ffffff/000000/"" name=""SimianEmbed"" scrolling=""no"" style=""position: absolute;top: 0;        left: 0; width: 100%; height: 100%;padding:0 !important;margin:0 !important;background:#000000"" frameborder=""0"" allowFullScreen webkitAllowFullScreen></iframe></div>","Director: Liam Tangum
Executive Producers: No Laying Up

Editors: Liam Tangum & Lindsay Wilkins",
GRIFFIN OLIS,,,,,
EDITOR,Adidas - Speed Juice,https://www.dropbox.com/scl/fi/nmymo0pa4fm53r8t1s1eo/Adidas-Speed-Juice.mp4?rlkey=sgg1htrpczno01amb395v62sj&st=966gq0dt&dl=0,"<div style=""width:100%;height:0;position: relative;padding-bottom:68.66319%;margin-bottom:10px;""><iframe src=""https://apollo.gosimian.com/share/v/1z2wxMuQOojv0_l3j_3BUA/false/auto/auto/ffffff/000000/"" name=""SimianEmbed"" scrolling=""no"" style=""position: absolute;top: 0;        left: 0; width: 100%; height: 100%;padding:0 !important;margin:0 !important;background:#000000"" frameborder=""0"" allowFullScreen webkitAllowFullScreen></iframe></div>","Director: Danny Paul McNabb 
Production Company: Resin projects
DP: Cory Burmester

Editor: Griffin Olis",
,Fear of God ,https://www.dropbox.com/scl/fi/t6mqlkk1k6vj5kvqeugxm/Fear-of-God.mp4?rlkey=e0y8b0664eaho3wbiunpc7p2w&st=sdjkd80w&dl=0,"<div style=""width:100%;height:0;position: relative;padding-bottom:69.10714%;margin-bottom:10px;""><iframe src=""https://apollo.gosimian.com/share/v/hpcySoCWdlWWHzaW6P5WWA/false/auto/auto/ffffff/000000/"" name=""SimianEmbed"" scrolling=""no"" style=""position: absolute;top: 0;        left: 0; width: 100%; height: 100%;padding:0 !important;margin:0 !important;background:#000000"" frameborder=""0"" allowFullScreen webkitAllowFullScreen></iframe></div>",,
,Kai Cenat - Going Professional,https://www.dropbox.com/scl/fi/vrt02d50dprf9ddk6f2yc/Kai-Cenat-Going-Professional.mp4?rlkey=yq5xefeizata9pp6ewm7o8cjo&st=9q94cxi8&dl=0,"<div style=""width:100%;height:0;position: relative;padding-bottom:56.25000%;margin-bottom:10px;""><iframe src=""https://apollo.gosimian.com/share/v/n0LFcwPS9X72xQRkpvugzw/false/auto/auto/ffffff/000000/"" name=""SimianEmbed"" scrolling=""no"" style=""position: absolute;top: 0;        left: 0; width: 100%; height: 100%;padding:0 !important;margin:0 !important;background:#000000"" frameborder=""0"" allowFullScreen webkitAllowFullScreen></iframe></div>","Production Company Black Screen Productions Inc
Director: Michael Daniel, Lachlan McClellan
Executive Producers: Monique Carrillo Michael Daniel
DP: Jonathan Charles

Editor: Griffin Olis",
,Under Armour - Men's Unstoppable Collection ,https://www.dropbox.com/scl/fi/aclovajpq9yeesfw9y2at/Under-Armour-Men-s-Unstoppable-Collection.mov?rlkey=4xs1sd3qacjjq7y1xtwri5xtb&st=qdnxdsys&dl=0,"<div style=""width:100%;height:0;position: relative;padding-bottom:52.76042%;margin-bottom:10px;""><iframe src=""https://apollo.gosimian.com/share/v/eHWf8zsSuiwys697NlDV3A/false/auto/auto/ffffff/000000/"" name=""SimianEmbed"" scrolling=""no"" style=""position: absolute;top: 0;        left: 0; width: 100%; height: 100%;padding:0 !important;margin:0 !important;background:#000000"" frameborder=""0"" allowFullScreen webkitAllowFullScreen></iframe></div>","Director: Michael Kelly
Executive Producers/Parallel Studios: Tony Pillow Simon Chasalow
Lead Producer: Amanda Jones
DP: Cory Burmester

Head of Post: Alex Peterson
Post Supervisor: Chris Carson
Editor: Griffin Olis
Music: Jile
Sound Design: Ayo Douson",
,Kai Cenat x iShowSpeed,https://www.dropbox.com/scl/fi/tp3s30w1nchebwpll9kt8/Kai-Cenat-x-iShowSpeed.mp4?rlkey=yyuvp9lw8um1yd302ntnjmsdp&st=d73snom0&dl=0,"<div style=""width:100%;height:0;position: relative;padding-bottom:56.25000%;margin-bottom:10px;""><iframe src=""https://apollo.gosimian.com/share/v/k84zVfx6eUANCz9rc-axFQ/false/auto/auto/ffffff/000000/"" name=""SimianEmbed"" scrolling=""no"" style=""position: absolute;top: 0;        left: 0; width: 100%; height: 100%;padding:0 !important;margin:0 !important;background:#000000"" frameborder=""0"" allowFullScreen webkitAllowFullScreen></iframe></div>","Production Company: Black Screen Productions Inc
Director: Michael Daniel, Lachlan McClellan
Executive Producers: Monique Carrillo, Michael Daniel
DP: Jonathan Charles

Editor: Griffin Olis",
,MLS & Apple TV - Beyond the Pitch - Episode 2,https://www.dropbox.com/scl/fi/j5px2zsyotwftcbwozi3h/MLS-Apple-TV-Beyond-the-Pitch-Episode-2.mp4?rlkey=k9sb0wy9yydec4blmae74q1e5&st=ij4gggaf&dl=0,"<div style=""width:100%;height:0;position: relative;padding-bottom:56.25000%;margin-bottom:10px;""><iframe src=""https://apollo.gosimian.com/share/v/5jtkQ-J-7bk3e1C4p_1hwQ/false/auto/auto/ffffff/000000/"" name=""SimianEmbed"" scrolling=""no"" style=""position: absolute;top: 0;        left: 0; width: 100%; height: 100%;padding:0 !important;margin:0 !important;background:#000000"" frameborder=""0"" allowFullScreen webkitAllowFullScreen></iframe></div>","Director: Don Newkirk Jr.
Executive Producers: Alex Peterson, Nate Loucks
Media Company: Boardroom
Production Co: Parallel Studios

Post Supervisor: Alex Peterson 
Editor: Griffin Olis ",
,MLS & Apple TV - Beyond the Pitch- Episode 4,https://www.dropbox.com/scl/fi/b5ck1sw16rg7ve5oc85r7/MLS-Apple-TV-Beyond-the-Pitch-Episode-4.mp4?rlkey=8wcf0l0y2qc2zrgkf1afnmajg&st=ok8ndsmh&dl=0,"<div style=""width:100%;height:0;position: relative;padding-bottom:56.25000%;margin-bottom:10px;""><iframe src=""https://apollo.gosimian.com/share/v/_m2_Z8QG2n7FMj9u6qLWZA/false/auto/auto/ffffff/000000/"" name=""SimianEmbed"" scrolling=""no"" style=""position: absolute;top: 0;        left: 0; width: 100%; height: 100%;padding:0 !important;margin:0 !important;background:#000000"" frameborder=""0"" allowFullScreen webkitAllowFullScreen></iframe></div>","Director: Don Newkirk Jr.
Executive Producers: Alex Peterson, Nate Loucks
Media Company: Boardroom
Production Co: Parallel Studios

Post Supervisor: Alex Peterson 
Editor: Griffin Olis ",
DEVON SOLWOLD ,,,,,
EDITOR,Bodega x New Balance,https://www.dropbox.com/scl/fi/kdrtlk7ygxkg5gh8p542i/Bodega-x-New-Balance.mp4?rlkey=9queqojszqrwaga8qnf6oravp&st=i5l5qt56&dl=0,"<div style=""width:100%;height:0;position: relative;padding-bottom:63.26889%;margin-bottom:10px;""><iframe src=""https://apollo.gosimian.com/share/v/hKEJPCvrM6F1f_D8m775gw/false/auto/auto/ffffff/000000/"" name=""SimianEmbed"" scrolling=""no"" style=""position: absolute;top: 0;        left: 0; width: 100%; height: 100%;padding:0 !important;margin:0 !important;background:#000000"" frameborder=""0"" allowFullScreen webkitAllowFullScreen></iframe></div>","Director: NotTonightMike
EP: Alex Majher
Producer: Elizabeth Kraushaar
DP: Kai Dickson

Edit & Sound Design: Devon Solwold 
",
,"Bodega x G Shock - Anytime, Anywhere",https://www.dropbox.com/scl/fi/2agn5zzix89j7hc7fhzmr/Bodega-x-G-Shock-Anytime-Anywhere.mp4?rlkey=dsdkkcvr12cofo1q7jonk64ym&st=6ovdwozh&dl=0,"<div style=""width:100%;height:0;position: relative;padding-bottom:56.25000%;margin-bottom:10px;""><iframe src=""https://apollo.gosimian.com/share/v/tP8hab455lYbINecxlO4UA/false/auto/auto/ffffff/000000/"" name=""SimianEmbed"" scrolling=""no"" style=""position: absolute;top: 0;        left: 0; width: 100%; height: 100%;padding:0 !important;margin:0 !important;background:#000000"" frameborder=""0"" allowFullScreen webkitAllowFullScreen></iframe></div>","Director: Michael B Janey
Cinematographer: Kai Dickson 
Agency: drinkadmilk

Edit & Sound Design: Devon Solwold ",
,OKEM - Short Film,https://www.dropbox.com/scl/fi/810vw3sv331d1kdcb4p0x/OKEM-Short-Film.mp4?rlkey=ggz6jerin3xa9wckxqlmqnjc9&st=pwjjhvw5&dl=0,"<div style=""width:100%;height:0;position: relative;padding-bottom:75.00000%;margin-bottom:10px;""><iframe src=""https://apollo.gosimian.com/share/v/Kj037VYYf3TRWAyj2X9grw/false/auto/auto/ffffff/000000/"" name=""SimianEmbed"" scrolling=""no"" style=""position: absolute;top: 0;        left: 0; width: 100%; height: 100%;padding:0 !important;margin:0 !important;background:#000000"" frameborder=""0"" allowFullScreen webkitAllowFullScreen></iframe></div>","Director - Joshua Okwuosa
Cinematography - Kai Dickson
Producer - Elizabeth Kraushaar

Editor: Devon Solwold
",
,Eem Triplin - What Da Opp Said,https://www.dropbox.com/scl/fi/2oh4tjwz56qvh5ucopel5/Eem-Triplin-What-Da-Opp-Said.mp4?rlkey=bxvwsfo36lxzpcsk5xjbf7k9u&st=022rci2d&dl=0,"<div style=""width:100%;height:0;position: relative;padding-bottom:56.25000%;margin-bottom:10px;""><iframe src=""https://apollo.gosimian.com/share/v/MdBuv2VRG7aBrCpyi2NlzQ/false/auto/auto/ffffff/000000/"" name=""SimianEmbed"" scrolling=""no"" style=""position: absolute;top: 0;        left: 0; width: 100%; height: 100%;padding:0 !important;margin:0 !important;background:#000000"" frameborder=""0"" allowFullScreen webkitAllowFullScreen></iframe></div>","Director: Michael Kelly
Executive Producers: Tony Pillow, Simon Chasalow, Lucas Alexander
Producer: Nour Sayeh
Production Company: Parallel Studios


Post Supervisor: Alex Peterson
Edit & Sound Design: Devon Solwold
VFX: Ben Gillespie
",
,$NOT Ft. Zilla Kami - 0 PERCENT,https://www.dropbox.com/scl/fi/kn3usayyy3vprpdpea8z5/NOT-Ft.-Zilla-Kami-0-PERCENT.mp4?rlkey=yptxzbtjumd28fbet00l5km2l&st=ho4rgif4&dl=0,"<div style=""width:100%;height:0;position: relative;padding-bottom:56.25000%;margin-bottom:10px;""><iframe src=""https://apollo.gosimian.com/share/v/roJJm677DwOEfWAHUBszjw/false/auto/auto/ffffff/000000/"" name=""SimianEmbed"" scrolling=""no"" style=""position: absolute;top: 0;        left: 0; width: 100%; height: 100%;padding:0 !important;margin:0 !important;background:#000000"" frameborder=""0"" allowFullScreen webkitAllowFullScreen></iframe></div>","Director: JMP-James Pereira
EP: Joey Szela
Producer: ANDREW PERCIVAL
DP: Joel Wolt
Production Company: Paperwork


Head of Post: Alex Peterson
Post Supervisor: Chris Carson
Editor: Devon Solwold & JMP
Sound Design: Devon Solwold
VFX: Auraj Raj",
,Run that Shit! Short Film,https://www.dropbox.com/scl/fi/m135uordyqm26fux9wk8b/Run-that-Shit-Short-Film.mp4?rlkey=i11kwzu87lh19lubsu80novs5&st=bbehq37l&dl=0,"<div style=""width:100%;height:0;position: relative;padding-bottom:56.25000%;margin-bottom:10px;""><iframe src=""https://apollo.gosimian.com/share/v/OajoX7MS0eM11zx97Mov9Q/false/auto/auto/ffffff/000000/"" name=""SimianEmbed"" scrolling=""no"" style=""position: absolute;top: 0;        left: 0; width: 100%; height: 100%;padding:0 !important;margin:0 !important;background:#000000"" frameborder=""0"" allowFullScreen webkitAllowFullScreen></iframe></div>","EXECUTIVE PRODUCERS - Tristan Kim, Harrison Kracht
DIRECTOR - Tristan Kim
WRITTEN BY - Tristan Kim, Will Allyn Robinson
DP - Harrison Kracht

Edit, Sound, VFX: Devon Solwold",
,PURPLE DENIM - Daytrippin,https://www.dropbox.com/scl/fi/28dxdn9gsqcfvrc42ptia/PURPLE-DENIM-Daytrippin.mp4?rlkey=ae5gqa66ux6yk75fxxw4py3g4&st=sxo5e8v9&dl=0,"<div style=""width:100%;height:0;position: relative;padding-bottom:75.00000%;margin-bottom:10px;""><iframe src=""https://apollo.gosimian.com/share/v/pnUrDJ8rUy0z_wgrQsLUPg/false/auto/auto/ffffff/000000/"" name=""SimianEmbed"" scrolling=""no"" style=""position: absolute;top: 0;        left: 0; width: 100%; height: 100%;padding:0 !important;margin:0 !important;background:#000000"" frameborder=""0"" allowFullScreen webkitAllowFullScreen></iframe></div>","Studio: drinkadmilk
Producer: Alex Majher

Edit, Sound, VFX: Devon Solwold",
,OnJuno Banking - Granny,https://www.dropbox.com/scl/fi/w8k4ucnnjhrra01o7ib4x/OnJuno-Banking-Granny.mp4?rlkey=bbqm1ziuhh9it6j2rnw6tgh96&st=yf35gwoc&dl=0,"<div style=""width:100%;height:0;position: relative;padding-bottom:56.25000%;margin-bottom:10px;""><iframe src=""https://apollo.gosimian.com/share/v/YfJ8EddylT5GPOKe8xi0hA/false/auto/auto/ffffff/000000/"" name=""SimianEmbed"" scrolling=""no"" style=""position: absolute;top: 0;        left: 0; width: 100%; height: 100%;padding:0 !important;margin:0 !important;background:#000000"" frameborder=""0"" allowFullScreen webkitAllowFullScreen></iframe></div>","Agency + Production: drinkadmilk
Writer/Director: Tristan Kim
EP: Alex Majher
Producer: Kevin Wall

Editor: Devon Solwold
",
ZACK PELLETIER,,,,,
EDITOR,NFLPA - Rookie of the Year 2023,https://www.dropbox.com/scl/fi/dii26yer505ur5tfe8hia/NFLPA-Rookie-of-the-Year-2023.mp4?rlkey=qufw2fmbcjga7106w63bly4el&st=b4yx7p6i&dl=0,"<div style=""width:100%;height:0;position: relative;padding-bottom:75.00000%;margin-bottom:10px;""><iframe src=""https://apollo.gosimian.com/share/v/18ZVg50By1N1CR9pvnKjhQ/false/auto/auto/ffffff/000000/"" name=""SimianEmbed"" scrolling=""no"" style=""position: absolute;top: 0;        left: 0; width: 100%; height: 100%;padding:0 !important;margin:0 !important;background:#000000"" frameborder=""0"" allowFullScreen webkitAllowFullScreen></iframe></div>","Creative agency/ Production company: OM Digital
EP: Dave Clark
Director: Julia Pitch
Producer: Sofie rhw

Editor: Zack Pelletier",
,NHL - Hockey is Back,https://www.dropbox.com/scl/fi/y1or4b4r3eiwm2cczau9c/NHL-Hockey-is-Back.mp4?rlkey=336oqw8n1c6equ8gzilv4m98y&st=195pofi0&dl=0,"<div style=""width:100%;height:0;position: relative;padding-bottom:56.25000%;margin-bottom:10px;""><iframe src=""https://apollo.gosimian.com/share/v/CD-0Lxh9btZxIP7DcFPr-A/false/auto/auto/ffffff/000000/"" name=""SimianEmbed"" scrolling=""no"" style=""position: absolute;top: 0;        left: 0; width: 100%; height: 100%;padding:0 !important;margin:0 !important;background:#000000"" frameborder=""0"" allowFullScreen webkitAllowFullScreen></iframe></div>","Director: James Winterhalter
DP: Cinesthetics
Producer: Joseph Larkin
Prod. Co: Kursza

Editor: Zack Pelletier
",
,7uice x Vanson Leathers ,https://www.dropbox.com/scl/fi/q2zwyuq1sgtcbeepeardp/7uice-x-Vanson-Leathers.mp4?rlkey=iewfndjw8oxgtwo22k24hwn69&st=h08kdd3o&dl=0,"<div style=""width:100%;height:0;position: relative;padding-bottom:75.00000%;margin-bottom:10px;""><iframe src=""https://apollo.gosimian.com/share/v/F-iBZ5QVpkJnpMEDcCBj0g/false/auto/auto/ffffff/000000/"" name=""SimianEmbed"" scrolling=""no"" style=""position: absolute;top: 0;	left: 0; width: 100%; height: 100%;padding:0 !important;margin:0 !important;background:#000000"" frameborder=""0"" allowFullScreen webkitAllowFullScreen></iframe></div>","Director: Drew Cigna, & Medulla Media
DP: Thomas Marchese
Produced by: Parallel studios
EP: Simon Chasalow & Tony Pillow

Editor: ZACK PELLETIER",
,Chris Brown - Nightmares,https://www.dropbox.com/scl/fi/z8eb9cgvzbsnlu3ei3cq4/Chris-Brown-Nightmares.mp4?rlkey=p7vxpef3wp35po4nxtwothpvm&st=0yraoxc5&dl=0,"<div style=""width:100%;height:0;position: relative;padding-bottom:56.25000%;margin-bottom:10px;""><iframe src=""https://apollo.gosimian.com/share/v/3uSaBKukVQFuCKZxqVRCpA/false/auto/auto/ffffff/000000/"" name=""SimianEmbed"" scrolling=""no"" style=""position: absolute;top: 0;        left: 0; width: 100%; height: 100%;padding:0 !important;margin:0 !important;background:#000000"" frameborder=""0"" allowFullScreen webkitAllowFullScreen></iframe></div>","DIRECTOR : Travis Colbert
PRODUCTION COMPANY : Projektstu
DP: Henri Taillon

EDITORS: Zack Pelletier & Henri Taillon & Travis Colbert
Colorist: Thomas Dauteuille",
,Louis the Child - How High,https://www.dropbox.com/scl/fi/rvwv6n8101lv8ofpcwjbd/Louis-the-Child-How-High.mp4?rlkey=g4b8mcsoworpepqjlaex931ra&st=4ejgyq94&dl=0,"<div style=""width:100%;height:0;position: relative;padding-bottom:56.25000%;margin-bottom:10px;""><iframe src=""https://apollo.gosimian.com/share/v/s7w_utug7_nyaoW0tp05cw/false/auto/auto/ffffff/000000/"" name=""SimianEmbed"" scrolling=""no"" style=""position: absolute;top: 0;        left: 0; width: 100%; height: 100%;padding:0 !important;margin:0 !important;background:#000000"" frameborder=""0"" allowFullScreen webkitAllowFullScreen></iframe></div>","Director: Drew Cigna
Executive Producer: Simon Chasalow & Tony Pillow
Production CO: Parallel Studios 
DP: Owen Schatz  Drew Cigna

Post Supervisor: Alex Peterson 
Editor: Zack Pelletier
",
ROSTER // COLOR,,,,,
BRIAN CHARLES,,LOOPING PREVIEW LINK,EMBED CODE,,
COLOR,Sparkling Ice - Victoria Monet,https://www.dropbox.com/scl/fi/5zu6x8m95s5fqxn7zq9ar/Sparkling-Ice-Victoria-Monet.mp4?rlkey=ek1dewe9tga0l514dexszwzs1&st=holj0d3f&dl=0,"<div style=""width:100%;height:0;position: relative;padding-bottom:68.65861%;margin-bottom:10px;""><iframe src=""https://apollo.gosimian.com/share/v/xASPM9BYbr87gXcatl4eow/false/auto/auto/ffffff/000000/"" name=""SimianEmbed"" scrolling=""no"" style=""position: absolute;top: 0;        left: 0; width: 100%; height: 100%;padding:0 !important;margin:0 !important;background:#000000"" frameborder=""0"" allowFullScreen webkitAllowFullScreen></iframe></div>",,
,The Kid Laroi - Aperol Spritz,https://www.dropbox.com/scl/fi/vipuhzj24ldgisnppxuzo/The-Kid-Laroi-Aperol-Spritz.mp4?rlkey=uw4fea9cuvfp3j0sgkaw4ojcz&st=k2gmm3hs&dl=0,"<div style=""width:100%;height:0;position: relative;padding-bottom:37.98828%;margin-bottom:10px;""><iframe src=""https://apollo.gosimian.com/share/v/W5VRJlwvuNZiYgZIQDAN2Q/false/auto/auto/ffffff/000000/"" name=""SimianEmbed"" scrolling=""no"" style=""position: absolute;top: 0;        left: 0; width: 100%; height: 100%;padding:0 !important;margin:0 !important;background:#000000"" frameborder=""0"" allowFullScreen webkitAllowFullScreen></iframe></div>",,
,Olympics - Noah Lyles - Primetime Intro,https://www.dropbox.com/scl/fi/gu3d6xce178eqhc62xtjc/Olympics-Noah-Lyles-Primetime-Intro.mp4?rlkey=9m8ewj3qilkb5hmgfk9ot0zq7&st=mrtzn3wd&dl=0,"<div style=""width:100%;height:0;position: relative;padding-bottom:56.25000%;margin-bottom:10px;""><iframe src=""https://apollo.gosimian.com/share/v/FlqC8Hb4--2gdH9ozOhcEA/false/auto/auto/ffffff/000000/"" name=""SimianEmbed"" scrolling=""no"" style=""position: absolute;top: 0;        left: 0; width: 100%; height: 100%;padding:0 !important;margin:0 !important;background:#000000"" frameborder=""0"" allowFullScreen webkitAllowFullScreen></iframe></div>",,
,Oddli - Slip N' Slide,,"<div style=""width:100%;height:0;position: relative;padding-bottom:73.36957%;margin-bottom:10px;""><iframe src=""https://apollo.gosimian.com/share/v/yV5ffeYgIQOab97nlt_KGA/false/auto/auto/ffffff/000000/"" name=""SimianEmbed"" scrolling=""no"" style=""position: absolute;top: 0;        left: 0; width: 100%; height: 100%;padding:0 !important;margin:0 !important;background:#000000"" frameborder=""0"" allowFullScreen webkitAllowFullScreen></iframe></div>",,
,Clairo - Juna,https://www.dropbox.com/scl/fi/tkbl6cj4gz48gtcaaqnqp/Clairo-Juna.mp4?rlkey=mqagxfa00h2m204aamim4l3fy&st=d2p0mig8&dl=0,"<div style=""width:100%;height:0;position: relative;padding-bottom:56.25000%;margin-bottom:10px;""><iframe src=""https://apollo.gosimian.com/share/v/CCHrSLSV5pEbbUCdEsH-7Q/false/auto/auto/ffffff/000000/"" name=""SimianEmbed"" scrolling=""no"" style=""position: absolute;top: 0;        left: 0; width: 100%; height: 100%;padding:0 !important;margin:0 !important;background:#000000"" frameborder=""0"" allowFullScreen webkitAllowFullScreen></iframe></div>",,
,Wallows - Calling After Me,https://www.dropbox.com/scl/fi/vo81udwf9zf94r09gx2ta/Wallows-Calling-After-Me.mp4?rlkey=bz09ca206mzj2uzcs0tgqgwpb&st=rfokeltv&dl=0,"<div style=""width:100%;height:0;position: relative;padding-bottom:56.25000%;margin-bottom:10px;""><iframe src=""https://apollo.gosimian.com/share/v/XSofOUZ7zM_I9p7qViki3A/false/auto/auto/ffffff/000000/"" name=""SimianEmbed"" scrolling=""no"" style=""position: absolute;top: 0;        left: 0; width: 100%; height: 100%;padding:0 !important;margin:0 !important;background:#000000"" frameborder=""0"" allowFullScreen webkitAllowFullScreen></iframe></div>",,
,Spotify x Charli XCX Capsule Collection,https://www.dropbox.com/scl/fi/vo81udwf9zf94r09gx2ta/Wallows-Calling-After-Me.mp4?rlkey=bz09ca206mzj2uzcs0tgqgwpb&st=rfokeltv&dl=0,"<div style=""width:100%;height:0;position: relative;padding-bottom:75.00000%;margin-bottom:10px;""><iframe src=""https://apollo.gosimian.com/share/v/Cn5Dy4n9HR0eQMnfMdO2Vw/false/auto/auto/ffffff/000000/"" name=""SimianEmbed"" scrolling=""no"" style=""position: absolute;top: 0;        left: 0; width: 100%; height: 100%;padding:0 !important;margin:0 !important;background:#000000"" frameborder=""0"" allowFullScreen webkitAllowFullScreen></iframe></div>",,
,Glaive - Living Proof,https://www.dropbox.com/scl/fi/hphdjbvvhiw18j3j30e17/Spotify-x-Charli-XCX-Capsule-Collection.mp4?rlkey=5ixxfdij0s3xvx2ll2lppxf9j&st=sopoy24j&dl=0,"<div style=""width:100%;height:0;position: relative;padding-bottom:56.25000%;margin-bottom:10px;""><iframe src=""https://apollo.gosimian.com/share/v/CsoBUyMUZSGbB3YNwZ-FJw/false/auto/auto/ffffff/000000/"" name=""SimianEmbed"" scrolling=""no"" style=""position: absolute;top: 0;        left: 0; width: 100%; height: 100%;padding:0 !important;margin:0 !important;background:#000000"" frameborder=""0"" allowFullScreen webkitAllowFullScreen></iframe></div>",,
,Bevel - Kyle Pitts,https://www.dropbox.com/scl/fi/8vqr3q9tr7ax69w2g4fl9/Bevel-Kyle-Pitts.mp4?rlkey=kv5449ex5xn5g8vlp2gj7yd33&st=xhyf6vrk&dl=0,"<div style=""width:100%;height:0;position: relative;padding-bottom:56.25000%;margin-bottom:10px;""><iframe src=""https://apollo.gosimian.com/share/v/0oRqHg7RMp9cRtecFGac4g/false/auto/auto/ffffff/000000/"" name=""SimianEmbed"" scrolling=""no"" style=""position: absolute;top: 0;        left: 0; width: 100%; height: 100%;padding:0 !important;margin:0 !important;background:#000000"" frameborder=""0"" allowFullScreen webkitAllowFullScreen></iframe></div>",,
WILHENDS NORVIL,,LOOPING PREVIEW LINK,EMBED CODE,,
COLOR,BRIDGE - Fate Loves Irony,https://www.dropbox.com/scl/fi/4dqn2ocowr1qjg4zhkyna/BRIDGE-Fate-Loves-Irony.mp4?rlkey=dku9rq4l46fyd4xy4bb0fcqx2&st=42k3fxvw&dl=0,"<div style=""width:100%;height:0;position: relative;padding-bottom:56.25000%;margin-bottom:10px;""><iframe src=""https://apollo.gosimian.com/share/v/4A_9ELDRtpep6cFAj6oKHQ/false/auto/auto/ffffff/000000/"" name=""SimianEmbed"" scrolling=""no"" style=""position: absolute;top: 0;	left: 0; width: 100%; height: 100%;padding:0 !important;margin:0 !important;background:#000000"" frameborder=""0"" allowFullScreen webkitAllowFullScreen></iframe></div>","Director: Nicolas Manterola
DOP: Kai Dickson 
Executive Producers: Simon Chasalow & Tony Pillow
Production Company: Parallel Studios

Colorist: Wilhends Norvil
Color Producer: Christopher Carson
",
,Movado - Bold Evolution 2.0,https://www.dropbox.com/scl/fi/9eb8ofxeia4sdw1hum8k5/Movado-Bold-Evolution-2.0.mp4?rlkey=t54hw3yj9i6k6ddwvt38r81pw&st=vt5gvlgg&dl=0,"<div style=""width:100%;height:0;position: relative;padding-bottom:56.25000%;margin-bottom:10px;""><iframe src=""https://apollo.gosimian.com/share/v/6o9ZK0-x4F_sclY3QNmfnQ/false/auto/auto/ffffff/000000/"" name=""SimianEmbed"" scrolling=""no"" style=""position: absolute;top: 0;        left: 0; width: 100%; height: 100%;padding:0 !important;margin:0 !important;background:#000000"" frameborder=""0"" allowFullScreen webkitAllowFullScreen></iframe></div>","Agency: uvtagency

Post Producer: Alex Peterson 
Post Supervisor: Christopher Carson
Editor: Devon Solwold 
Colorist: Wilhends Norvil
Sound Design: Douson Yuan",
,SKUFL - Eyes Open,https://www.dropbox.com/scl/fi/z69bf14l6btd10i3few2o/SKUFL-Eyes-Open.mp4?rlkey=z00mvlyhqxlr7ra7qn2oonvzz&st=1xqxl0yy&dl=0,"<div style=""width:100%;height:0;position: relative;padding-bottom:75.00000%;margin-bottom:10px;""><iframe src=""https://apollo.gosimian.com/share/v/uft9UnysoZEtFBFpQsDbwA/false/auto/auto/ffffff/000000/"" name=""SimianEmbed"" scrolling=""no"" style=""position: absolute;top: 0;        left: 0; width: 100%; height: 100%;padding:0 !important;margin:0 !important;background:#000000"" frameborder=""0"" allowFullScreen webkitAllowFullScreen></iframe></div>","Director: Nasser Boulaich

Post Supervisor: Alex Peterson 
Editor: Nasser Boulaich
Colorist: Wilhends Norvil
Color Producer: Christopher Carson
",
,Penderdyn Distillery,https://www.dropbox.com/scl/fi/qf5v1l3p6ko07grt4s6on/Penderdyn-Distillery.mp4?rlkey=7bx6ypehisditx3j8jtttqq1y&st=bcrleggt&dl=0,"<div style=""width:100%;height:0;position: relative;padding-bottom:41.74805%;margin-bottom:10px;""><iframe src=""https://apollo.gosimian.com/share/v/X9KW-za1rOfAhEgrYOvm-w/false/auto/auto/ffffff/000000/"" name=""SimianEmbed"" scrolling=""no"" style=""position: absolute;top: 0;        left: 0; width: 100%; height: 100%;padding:0 !important;margin:0 !important;background:#000000"" frameborder=""0"" allowFullScreen webkitAllowFullScreen></iframe></div>","Director: Keirana Scott
Production: neufcinq films

Colorist: Wilhends Norvil
",
,Doritos Crash - Abduction,https://www.dropbox.com/scl/fi/uk23h56qjvprqyfyye5w4/Doritos-Crash-Abduction.mp4?rlkey=zhsyyh2elg5u6r6v7kb8x859m&st=twnde7mg&dl=0,"<div style=""width:100%;height:0;position: relative;padding-bottom:56.25000%;margin-bottom:10px;""><iframe src=""https://apollo.gosimian.com/share/v/H5tTgamoIVgf6fzFoGJQpw/false/auto/auto/ffffff/000000/"" name=""SimianEmbed"" scrolling=""no"" style=""position: absolute;top: 0;	left: 0; width: 100%; height: 100%;padding:0 !important;margin:0 !important;background:#000000"" frameborder=""0"" allowFullScreen webkitAllowFullScreen></iframe></div>","Directors: Dylan Bradshaw & Nate Norell
DP: Dave Cortez

Colorist: Wilhends Norvil
Post Producer: Christopher Carson",
,Bravest Studios x Kid Cudi,https://www.dropbox.com/scl/fi/5tbyw8zc9cb56gvl1riew/Bravest-Studios-x-Kid-Cudi.mp4?rlkey=9jnyv7dbg7veikq3laxdx80jg&st=xfa9n3a1&dl=0,"<div style=""width:100%;height:0;position: relative;padding-bottom:56.25000%;margin-bottom:10px;""><iframe src=""https://apollo.gosimian.com/share/v/PzDWbmEJugKJNNnO65K_nA/false/auto/auto/ffffff/000000/"" name=""SimianEmbed"" scrolling=""no"" style=""position: absolute;top: 0;	left: 0; width: 100%; height: 100%;padding:0 !important;margin:0 !important;background:#000000"" frameborder=""0"" allowFullScreen webkitAllowFullScreen></iframe></div>","Director / Creative Director: Brenton L Roberson
Line Producer: Brenton L Roberson

Post Supervisor: Alex Peterson
VFX: Jack Phoenix
Colorist: Wilhends Norvil
",
ROSTER // SOUND,,,,,
AYO DOUSON,SOUND,LOOPING PREVIEW LINK,EMBED CODE,,
SOUND,The Weeknd - São Paulo Recap,https://www.dropbox.com/scl/fi/05x1jd3ykishfeum5unh9/The-Weeknd-S-o-Paulo-Recap.mp4?rlkey=xou0se2xyr1jdcld7s8fmdk65&st=d1w68j94&dl=0,"<div style=""width:100%;height:0;position: relative;padding-bottom:66.66667%;margin-bottom:10px;""><iframe src=""https://apollo.gosimian.com/share/v/9cOJ5PfnvPgZdbZlzrsBjg/false/auto/auto/ffffff/000000/"" name=""SimianEmbed"" scrolling=""no"" style=""position: absolute;top: 0;        left: 0; width: 100%; height: 100%;padding:0 !important;margin:0 !important;background:#000000"" frameborder=""0"" allowFullScreen webkitAllowFullScreen></iframe></div>","Director: Evan Larsen
Concert Creative Direction: Lamar C Taylor
Concert Visual CGI: Alexander Wessely

Sounds Design: Ayo Douson",
,F1 Miami  ,https://www.dropbox.com/scl/fi/ni6ngmmn3czts8gp9z44g/F1-Miami.mp4?rlkey=67rps6rdamuvxq8b0bfwy0ydy&st=q4m550a1&dl=0,"<div style=""width:100%;height:0;position: relative;padding-bottom:56.25000%;margin-bottom:10px;""><iframe src=""https://apollo.gosimian.com/share/v/qKQRRSXRh6LpERHQK9gdgg/false/auto/auto/ffffff/000000/"" name=""SimianEmbed"" scrolling=""no"" style=""position: absolute;top: 0;	left: 0; width: 100%; height: 100%;padding:0 !important;margin:0 !important;background:#000000"" frameborder=""0"" allowFullScreen webkitAllowFullScreen></iframe></div>","Directed By: B Cruz  x KENDRI RODRIGUEZ
Executive Producer: B Cruz
Producer: KENDRI RODRIGUEZ


Sound Design: Ayo Douson",
,A$AP Rocky - Riot,https://www.dropbox.com/scl/fi/y8hat00imguew9vspvyms/A-AP-Rocky-Riot.mp4?rlkey=7elwynlmt096w7e3ji90avh9g&st=4t5fau8g&dl=0,"<div style=""width:100%;height:0;position: relative;padding-bottom:76.05634%;margin-bottom:10px;""><iframe src=""https://apollo.gosimian.com/share/v/aArPD9VVhawRT4mQlsymUg/false/auto/auto/ffffff/000000/"" name=""SimianEmbed"" scrolling=""no"" style=""position: absolute;top: 0;	left: 0; width: 100%; height: 100%;padding:0 !important;margin:0 !important;background:#000000"" frameborder=""0"" allowFullScreen webkitAllowFullScreen></iframe></div>","Directed by Asap Rocky & Chris Villa 
Sound Design: Ayo Douson",
,New Balance - Prosperity Be the Prize,https://www.dropbox.com/scl/fi/t6vkjkf71rd2h2ikt7t48/New-Balance-Prosperity-Be-the-Prize.mp4?rlkey=00k9kj8q3xcw00m8zo1m98koz&st=k9bcf2bq&dl=0,"<div style=""width:100%;height:0;position: relative;padding-bottom:68.66319%;margin-bottom:10px;""><iframe src=""https://apollo.gosimian.com/share/v/_cBrDrn0LQod1q6m8cml6A/false/auto/auto/ffffff/000000/"" name=""SimianEmbed"" scrolling=""no"" style=""position: absolute;top: 0;	left: 0; width: 100%; height: 100%;padding:0 !important;margin:0 !important;background:#000000"" frameborder=""0"" allowFullScreen webkitAllowFullScreen></iframe></div>","Directed by: NAT PRINZI
Production Company: Better Days
Executive Producer: NAT PRINZI


Sounds Design: Ayo Douson",
,Lil Tecca - Plan A ,https://www.dropbox.com/scl/fi/xrrwhlm0fiowxod57qt9t/Lil-Tecca-Plan-A.mp4?rlkey=g51jju00yu97ibml1shg553d0&st=pr1d5bb4&dl=0,"<div style=""width:100%;height:0;position: relative;padding-bottom:60.00977%;margin-bottom:10px;""><iframe src=""https://apollo.gosimian.com/share/v/kF2Fh2X7DUalIDti0akahg/false/auto/auto/ffffff/000000/"" name=""SimianEmbed"" scrolling=""no"" style=""position: absolute;top: 0;	left: 0; width: 100%; height: 100%;padding:0 !important;margin:0 !important;background:#000000"" frameborder=""0"" allowFullScreen webkitAllowFullScreen></iframe></div>",Sounds Design: Ayo Douson,
,AB Soul - Soul Burger ,https://www.dropbox.com/scl/fi/v06xcfsl3iy6ldegrc0re/AB-Soul-Soul-Burger.mp4?rlkey=fazkx9abessa3q0tvjnkyd2ii&st=t12ieuul&dl=0,"<div style=""width:100%;height:0;position: relative;padding-bottom:100.00000%;margin-bottom:10px;""><iframe src=""https://apollo.gosimian.com/share/v/m-gW5HkJcJDTh1vFpWzaSQ/false/auto/auto/ffffff/000000/"" name=""SimianEmbed"" scrolling=""no"" style=""position: absolute;top: 0;	left: 0; width: 100%; height: 100%;padding:0 !important;margin:0 !important;background:#000000"" frameborder=""0"" allowFullScreen webkitAllowFullScreen></iframe></div>",Sounds Design: Ayo Douson,
,Terrace Martin - Paradise,https://www.dropbox.com/scl/fi/gi2ppegpyhxd2hsg40k5q/Terrace-Martin-Paradise.mp4?rlkey=1qc6p2eszgk05e51l9f57vdz4&st=cqf5ukvy&dl=0,"<div style=""width:100%;height:0;position: relative;padding-bottom:56.25000%;margin-bottom:10px;""><iframe src=""https://apollo.gosimian.com/share/v/mk71YHvlAjqKmE2SMuihew/false/auto/auto/ffffff/000000/"" name=""SimianEmbed"" scrolling=""no"" style=""position: absolute;top: 0;	left: 0; width: 100%; height: 100%;padding:0 !important;margin:0 !important;background:#000000"" frameborder=""0"" allowFullScreen webkitAllowFullScreen></iframe></div>","Director: child.
Executive Producer: Galileo Mondol 
Executive Producer: Lopes
Producer: Tashi Bhutia 

Sounds Design: Ayo Douson",
,Cadence,https://www.dropbox.com/scl/fi/f02p2w8a02af0md1ksvng/Cadence.mp4?rlkey=f6uv2ifb83ainacgbw00udfwd&st=7qwfd540&dl=0,"<div style=""width:100%;height:0;position: relative;padding-bottom:68.52792%;margin-bottom:10px;""><iframe src=""https://apollo.gosimian.com/share/v/1ny7tHXPskhTuu7soraYkw/false/auto/auto/ffffff/000000/"" name=""SimianEmbed"" scrolling=""no"" style=""position: absolute;top: 0;	left: 0; width: 100%; height: 100%;padding:0 !important;margin:0 !important;background:#000000"" frameborder=""0"" allowFullScreen webkitAllowFullScreen></iframe></div>","Director: Nick Buska
Producers: Sydnyfuruichi Brentassayag
Production Co: Anno
DOPs: Cory Burmester & MASON K PRENDERGAST

Sound Design: Ayo Douson & Ken Psalms & ",
,Chris Brown - Hmmm (Official Video) feat. Davido,https://www.dropbox.com/scl/fi/xcam0d78wt1erx57515fz/Chris-Brown-Hmmm-Official-Video-feat.-Davido.mp4?rlkey=59xdxw8r2oy6whb6n917yn3oh&st=qsr9v2fd&dl=0,"<div style=""width:100%;height:0;position: relative;padding-bottom:56.25000%;margin-bottom:10px;""><iframe src=""https://apollo.gosimian.com/share/v/i13UKcOr269oMWvZjEk6hg/false/auto/auto/ffffff/000000/"" name=""SimianEmbed"" scrolling=""no"" style=""position: absolute;top: 0;	left: 0; width: 100%; height: 100%;padding:0 !important;margin:0 !important;background:#000000"" frameborder=""0"" allowFullScreen webkitAllowFullScreen></iframe></div>","Director / Executive Producer: Travis Colbert 
Executive Producer: Samuel King 
Production Company: Projekt Studios

Post Supervisor: Zack Pelletier
Editor: Alex Peterson
VFX: Le Jumper
Sound Design: Ayo Douson
Colorist: Thomas Dautueil
Sound Producer: Sean Carroll",
ROSTER // VFX,,,,,
BEN GILLESPIE,VFX,LOOPING PREVIEW LINK,EMBED CODE,,
VFX,Fortrock,https://www.dropbox.com/scl/fi/m52y2pw1ycpdmqy9j0t49/Fortrock.mp4?rlkey=yeqydzo721zmmh2hipqbpfysn&st=zoaamz01&dl=0,"<div style=""width:100%;height:0;position: relative;padding-bottom:56.25000%;margin-bottom:10px;""><iframe src=""https://apollo.gosimian.com/share/v/eq-VBZ1e5JqStnRWV8oS_w/false/auto/auto/ffffff/000000/"" name=""SimianEmbed"" scrolling=""no"" style=""position: absolute;top: 0;	left: 0; width: 100%; height: 100%;padding:0 !important;margin:0 !important;background:#000000"" frameborder=""0"" allowFullScreen webkitAllowFullScreen></iframe></div>",,
,Garmin Watch,https://www.dropbox.com/scl/fi/htkcqyb0ocfcjdnafpz2x/Garmin-Watch.mp4?rlkey=z69rkiezcc6hym4wxaiy2tsz0&st=x5gmew77&dl=0,"<div style=""width:100%;height:0;position: relative;padding-bottom:56.25000%;margin-bottom:10px;""><iframe src=""https://apollo.gosimian.com/share/v/-0HDXbViKWXNq8RIzvPdcA/false/auto/auto/ffffff/000000/"" name=""SimianEmbed"" scrolling=""no"" style=""position: absolute;top: 0;	left: 0; width: 100%; height: 100%;padding:0 !important;margin:0 !important;background:#000000"" frameborder=""0"" allowFullScreen webkitAllowFullScreen></iframe></div>","Production Company: Fortem

VFX Artist: Ben Gillespie
",
,Happytown Promo,https://www.dropbox.com/scl/fi/w3cslu50p0g6j25i78unf/Happytown-Promo.mp4?rlkey=icz0koddbfaf8z156je3ayq7x&st=ggs4b8l6&dl=0,"<div style=""width:100%;height:0;position: relative;padding-bottom:56.25000%;margin-bottom:10px;""><iframe src=""https://apollo.gosimian.com/share/v/k62H4kkopEBX7_P3JK1jlA/false/auto/auto/ffffff/000000/"" name=""SimianEmbed"" scrolling=""no"" style=""position: absolute;top: 0;        left: 0; width: 100%; height: 100%;padding:0 !important;margin:0 !important;background:#000000"" frameborder=""0"" allowFullScreen webkitAllowFullScreen></iframe></div>","VFX Artist: Ben Gillespie
",
,The North Face - Fall/Winter 2024,https://www.dropbox.com/scl/fi/ec23hldrsusvy841vt54w/The-North-Face-Fall-Winter-2024.mp4?rlkey=j708fh2zyx3qil45ooaon3trc&st=q48bxlqq&dl=0,"<div style=""width:100%;height:0;position: relative;padding-bottom:56.25000%;margin-bottom:10px;""><iframe src=""https://apollo.gosimian.com/share/v/NKUOtAvy-_d2e9dCv-bB5A/false/auto/auto/ffffff/000000/"" name=""SimianEmbed"" scrolling=""no"" style=""position: absolute;top: 0;        left: 0; width: 100%; height: 100%;padding:0 !important;margin:0 !important;background:#000000"" frameborder=""0"" allowFullScreen webkitAllowFullScreen></iframe></div>","Producer: Will Beihoffer
Director/DP: Cole Pates

VFX Artist: Ben Gillespie
",
,Arqui Vistas,https://www.dropbox.com/scl/fi/qb0qvyqqb66h6r7rlj7xp/Arqui-Vistas.mp4?rlkey=npdaz9oeo9fhh57wfhd54evk9&st=kh69t4f8&dl=0,"<div style=""width:100%;height:0;position: relative;padding-bottom:56.25000%;margin-bottom:10px;""><iframe src=""https://apollo.gosimian.com/share/v/LIvr2NNxajOp1WeUZWER0w/false/auto/auto/ffffff/000000/"" name=""SimianEmbed"" scrolling=""no"" style=""position: absolute;top: 0;	left: 0; width: 100%; height: 100%;padding:0 !important;margin:0 !important;background:#000000"" frameborder=""0"" allowFullScreen webkitAllowFullScreen></iframe></div>",VFX Artist: Ben Gillespie,
,Guiness - The Most Wonderful Pint of the Year,https://www.dropbox.com/scl/fi/5goj2ilcdk9v5sforoknm/Guiness-The-Most-Wonderful-Pint-of-the-Year.mp4?rlkey=4dhgb45f4ggcli0klrkpz5x63&st=ax5zvqyr&dl=0,"<div style=""width:100%;height:0;position: relative;padding-bottom:56.25000%;margin-bottom:10px;""><iframe src=""https://apollo.gosimian.com/share/v/6jqEx2rQsXxfcIoiabqIvw/false/auto/auto/ffffff/000000/"" name=""SimianEmbed"" scrolling=""no"" style=""position: absolute;top: 0;	left: 0; width: 100%; height: 100%;padding:0 !important;margin:0 !important;background:#000000"" frameborder=""0"" allowFullScreen webkitAllowFullScreen></iframe></div>","Creative: Taylor Agency
DP: Jon Cospito

Editor: Alex Peterson 
VFX Artist: Ben Gillespie
Sound Design: Ayo Douson
Colorist: Brian Charles",
LE JUMPER,VFX,LOOPING PREVIEW LINK,EMBED CODE,,
VFX,Jaylen Brown - 741 Performance,https://www.dropbox.com/scl/fi/fsw7s5p48r62x2si9u0av/Jaylen-Brown-741-Performance.mp4?rlkey=mox11s35w1nqj3mvwngcbd4wd&st=y2ed5duz&dl=0,"<div style=""width:100%;height:0;position: relative;padding-bottom:56.25000%;margin-bottom:10px;""><iframe src=""https://apollo.gosimian.com/share/v/P_xhBd9YvodngKBvTLwp3g/false/auto/auto/ffffff/000000/"" name=""SimianEmbed"" scrolling=""no"" style=""position: absolute;top: 0;	left: 0; width: 100%; height: 100%;padding:0 !important;margin:0 !important;background:#000000"" frameborder=""0"" allowFullScreen webkitAllowFullScreen></iframe></div>","Director: Drew Cigna
CD: Shawn Plata
DP: Drew Cigna
EP: Shawn Plata & Energy Shifter

Edit/VFX/Sound: Le Jumper
",
,Chris Brown - Nightmares,https://www.dropbox.com/scl/fi/q0kxedycpx40dktblu6ui/Chris-Brown-Nightmares.mp4?rlkey=i8l2nqf9q7vy7cvlum7t147rn&st=0phbz45d&dl=0,"<div style=""width:100%;height:0;position: relative;padding-bottom:56.25000%;margin-bottom:10px;""><iframe src=""https://apollo.gosimian.com/share/v/3uSaBKukVQFuCKZxqVRCpA/false/auto/auto/ffffff/000000/"" name=""SimianEmbed"" scrolling=""no"" style=""position: absolute;top: 0;        left: 0; width: 100%; height: 100%;padding:0 !important;margin:0 !important;background:#000000"" frameborder=""0"" allowFullScreen webkitAllowFullScreen></iframe></div>","Director: Travis Colbert
Producer: Paul Finamore
DP: Henri Taillon
Production Company: Projekt Studios

Editor: Zack Pelletier
VFX: Le Jumper
Colorist: Thomas D'auteuil
",
,When We Die - Yung Blud Ft. Lil Yachty,https://www.dropbox.com/scl/fi/j0pburmln49y1k1nofhkh/When-We-Die-Yung-Blud-Ft.-Lil-Yachty.mp4?rlkey=gq2o3nojnubm8rh3u3pm5t1pu&st=q48d5ntg&dl=0,"<div style=""width:100%;height:0;position: relative;padding-bottom:69.09789%;margin-bottom:10px;""><iframe src=""https://apollo.gosimian.com/share/v/X8Zz1QOwA-VG9plVIAN_1Q/false/auto/auto/ffffff/000000/"" name=""SimianEmbed"" scrolling=""no"" style=""position: absolute;top: 0;        left: 0; width: 100%; height: 100%;padding:0 !important;margin:0 !important;background:#000000"" frameborder=""0"" allowFullScreen webkitAllowFullScreen></iframe></div>","Directed by: Logan Fields & Yussef Haridy 
Executive Producers: Michael Kelly, Tony Pillow, Simon Chasalow 
Producer: William Hickox
Production Company: Parallel Studios

VFX: Le Jumper",
,Chris Brown - Residuals,https://www.dropbox.com/scl/fi/qr68wkawsw888mqwjbpiz/Chris-Brown-Residuals.mp4?rlkey=mit6wiwqlb72ludrd8f54x2f2&st=9g7qlzhg&dl=0,"<div style=""width:100%;height:0;position: relative;padding-bottom:56.25000%;margin-bottom:10px;""><iframe src=""https://apollo.gosimian.com/share/v/cU9FNVgBO8eQYBXByLyyXw/false/auto/auto/ffffff/000000/"" name=""SimianEmbed"" scrolling=""no"" style=""position: absolute;top: 0;	left: 0; width: 100%; height: 100%;padding:0 !important;margin:0 !important;background:#000000"" frameborder=""0"" allowFullScreen webkitAllowFullScreen></iframe></div>","Director: TRAVIS COLBERT
Producer: SAMUEL KING 
Executive Producer / CD: TRAVIS COLBERT & SAM KING 
Production Company: PROJEKT STUDIOS 


Head of Post: Alex Peterson
Post Supervisor: Lynn He
Editor: Zack Pelletier
Edit Producer: Nasser Boulaich
Colorist: Houmam Abdallah
3D Artist: Le Jumper
Sound Design: Ayo Douson
",
,Shakira - Grammy's Short Film ,https://www.dropbox.com/scl/fi/wbprmqm5q6wqpu0lm60yx/Shakira-Grammy-s-Short-Film.mp4?rlkey=g5cu9edlr9ieervwb7objunoi&st=vfu6wq7x&dl=0,"<div style=""width:100%;height:0;position: relative;padding-bottom:56.25000%;margin-bottom:10px;""><iframe src=""https://apollo.gosimian.com/share/v/TPBRLF-RNvz4AyMzX4KzRw/false/auto/auto/ffffff/000000/"" name=""SimianEmbed"" scrolling=""no"" style=""position: absolute;top: 0;        left: 0; width: 100%; height: 100%;padding:0 !important;margin:0 !important;background:#000000"" frameborder=""0"" allowFullScreen webkitAllowFullScreen></iframe></div>","Production Company: Fulwell

VFX: Le Jumper",
AVERY NILES,,LOOPING PREVIEW LINK,EMBED CODE,CREDITS,FRAMES
COLOR,Rema - Outlander - LOTUS,https://www.dropbox.com/scl/fi/92p3k0o81sji46o1llog6/Rema-Outlander-LOTUS-Cover.mp4?rlkey=e7hl6n6ojtr2w373ao2704eha&st=r6101ru2&dl=0,"<div style=""width:100%;height:0;position: relative;padding-bottom:75.00000%;margin-bottom:10px;""><iframe src=""https://apollo.gosimian.com/share/v/xF13CxnZT2MHWaGAkmN4ww/false/auto/auto/ffffff/000000/"" name=""SimianEmbed"" scrolling=""no"" style=""position: absolute;top: 0;	left: 0; width: 100%; height: 100%;padding:0 !important;margin:0 !important;background:#000000"" frameborder=""0"" allowFullScreen webkitAllowFullScreen></iframe></div>",,"All averys frames here

https://www.dropbox.com/scl/fo/ja5vsfwbxv7dtkrxzpcs9/AO0wjGSSBiuNQJxbtYbOgtI?rlkey=mh3vfozp91ogunssk909o1prv&st=vy6yzz50&dl=0"
,Walmart Beach,https://www.dropbox.com/scl/fi/3evxmujlviv241qm9s1wa/walmart-cover.mp4?rlkey=rikhza6lg1slcy299di3yc3md&st=92gndy5a&dl=0,"<div style=""width:100%;height:0;position: relative;padding-bottom:69.58763%;margin-bottom:10px;""><iframe src=""https://apollo.gosimian.com/share/v/1b1_50VRFm0EcdS7sVq-vQ/false/auto/auto/ffffff/000000/"" name=""SimianEmbed"" scrolling=""no"" style=""position: absolute;top: 0;	left: 0; width: 100%; height: 100%;padding:0 !important;margin:0 !important;background:#000000"" frameborder=""0"" allowFullScreen webkitAllowFullScreen></iframe></div>",,
,Belair Athletics,https://www.dropbox.com/scl/fi/cz1m5btq7obe8qyk4bc9c/belair-athletics-new.mp4?rlkey=0q0voxmr0z80vuhsuvkgbrv0t&st=zec2kgpq&dl=0,"<div style=""width:100%;height:0;position: relative;padding-bottom:56.25000%;margin-bottom:10px;""><iframe src=""https://apollo.gosimian.com/share/v/e62d0mNOWW3pXvTB4RNbaw/false/auto/auto/ffffff/000000/"" name=""SimianEmbed"" scrolling=""no"" style=""position: absolute;top: 0;	left: 0; width: 100%; height: 100%;padding:0 !important;margin:0 !important;background:#000000"" frameborder=""0"" allowFullScreen webkitAllowFullScreen></iframe></div>",,
,Duckwrth - Vertigo,https://www.dropbox.com/scl/fi/69pqs2fjvwrnjr8o8lsuf/Vertigo-Cover.mp4?rlkey=nj9yj9mp2oahzq6wo0l9pdp72&st=ml7ebu1s&dl=0,"<div style=""width:100%;height:0;position: relative;padding-bottom:56.25000%;margin-bottom:10px;""><iframe src=""https://apollo.gosimian.com/share/v/agPXRdGNYFEeg00hZHvlmw/false/auto/auto/ffffff/000000/"" name=""SimianEmbed"" scrolling=""no"" style=""position: absolute;top: 0;	left: 0; width: 100%; height: 100%;padding:0 !important;margin:0 !important;background:#000000"" frameborder=""0"" allowFullScreen webkitAllowFullScreen></iframe></div>",,
,Meta Quest - Offset,https://www.dropbox.com/scl/fi/jujbxow8s2pfx5w3oya52/meta-quest-offset.mp4?rlkey=ja7ho5jc7tfeog92e6jrjnemr&st=jx0k404z&dl=0,"<div style=""width:100%;height:0;position: relative;padding-bottom:56.25000%;margin-bottom:10px;""><iframe src=""https://apollo.gosimian.com/share/v/1gfWca1v7qeuo30U0tN6EA/false/auto/auto/ffffff/000000/"" name=""SimianEmbed"" scrolling=""no"" style=""position: absolute;top: 0;	left: 0; width: 100%; height: 100%;padding:0 !important;margin:0 !important;background:#000000"" frameborder=""0"" allowFullScreen webkitAllowFullScreen></iframe></div>",,
,Tommy Richman - Elephant in the Room ,https://www.dropbox.com/scl/fi/oab58sfnrsskasc1s8lwb/Tommy-Richman-Elephant-Covers.mp4?rlkey=ffzp0fn1zha0ebyc5dc6wlcq3&st=k4t28k92&dl=0,"<div style=""width:100%;height:0;position: relative;padding-bottom:60.00000%;margin-bottom:10px;""><iframe src=""https://apollo.gosimian.com/share/v/LOgECzH1piP0HpOvWHB50w/false/auto/auto/ffffff/000000/"" name=""SimianEmbed"" scrolling=""no"" style=""position: absolute;top: 0;	left: 0; width: 100%; height: 100%;padding:0 !important;margin:0 !important;background:#000000"" frameborder=""0"" allowFullScreen webkitAllowFullScreen></iframe></div>",,
,Arcteryx,https://www.dropbox.com/scl/fi/7kx7hvcbn8iz0scrtpa4v/Arcteryx-Cover-New.mp4?rlkey=xy3gjkizxs329868qtm6ss8q3&st=22ajvg5b&dl=0,"<div style=""width:100%;height:0;position: relative;padding-bottom:75.00000%;margin-bottom:10px;""><iframe src=""https://apollo.gosimian.com/share/v/HmR1n4iJqvPcP-fVDBwfgA/false/auto/auto/ffffff/000000/"" name=""SimianEmbed"" scrolling=""no"" style=""position: absolute;top: 0;	left: 0; width: 100%; height: 100%;padding:0 !important;margin:0 !important;background:#000000"" frameborder=""0"" allowFullScreen webkitAllowFullScreen></iframe></div>",,
,EvenOdd - Remezcla - Cerveza Indio,https://www.dropbox.com/scl/fi/depmx0f8ajrp6wqpskns9/indio-cover.mp4?rlkey=9nwtmgnr1tfa97gi3sawtjkr2&st=5ejz3gm7&dl=0,"<div style=""width:100%;height:0;position: relative;padding-bottom:56.25000%;margin-bottom:10px;""><iframe src=""https://apollo.gosimian.com/share/v/BuQLAccOTNWLrBVmdRdZDw/false/auto/auto/ffffff/000000/"" name=""SimianEmbed"" scrolling=""no"" style=""position: absolute;top: 0;	left: 0; width: 100%; height: 100%;padding:0 !important;margin:0 !important;background:#000000"" frameborder=""0"" allowFullScreen webkitAllowFullScreen></iframe></div>",,
,Rare Beauty - Summer 2025,https://www.dropbox.com/scl/fi/cehf89pa8jywy9j1i10sx/Rare-beauty-cover.mp4?rlkey=c9sbwnie6g4rjy0p031zwy50w&st=bz2wz6rq&dl=0,"<div style=""width:100%;height:0;position: relative;padding-bottom:56.25000%;margin-bottom:10px;""><iframe src=""https://apollo.gosimian.com/share/v/sDbEXGV9oa47wSXerMXvNA/false/auto/auto/ffffff/000000/"" name=""SimianEmbed"" scrolling=""no"" style=""position: absolute;top: 0;	left: 0; width: 100%; height: 100%;padding:0 !important;margin:0 !important;background:#000000"" frameborder=""0"" allowFullScreen webkitAllowFullScreen></iframe></div>",,
,The Premiere League - Get Stuck In,,"<div style=""width:100%;height:0;position: relative;padding-bottom:56.25000%;margin-bottom:10px;""><iframe src=""https://apollo.gosimian.com/share/v/AJTl9fYRlfftWMGr9kfRhw/false/auto/auto/ffffff/000000/"" name=""SimianEmbed"" scrolling=""no"" style=""position: absolute;top: 0;	left: 0; width: 100%; height: 100%;padding:0 !important;margin:0 !important;background:#000000"" frameborder=""0"" allowFullScreen webkitAllowFullScreen></iframe></div>",,
,The Premiere League - What's the Word,https://www.dropbox.com/scl/fi/2kkv5jkyvqy4kapa1v8l0/the-premiere-league-whats-the-word-cover.mp4?rlkey=q30zolyoasohrsbomlupej0nj&st=wd6ej162&dl=0,"<div style=""width:100%;height:0;position: relative;padding-bottom:56.25000%;margin-bottom:10px;""><iframe src=""https://apollo.gosimian.com/share/v/k_pNp3LPaLS4XTSfqlsB2Q/false/auto/auto/ffffff/000000/"" name=""SimianEmbed"" scrolling=""no"" style=""position: absolute;top: 0;	left: 0; width: 100%; height: 100%;padding:0 !important;margin:0 !important;background:#000000"" frameborder=""0"" allowFullScreen webkitAllowFullScreen></iframe></div>",,